id,name,album,album_id,artists,artist_ids,track_number,disc_number,explicit,danceability,energy,key,loudness,mode,speechiness,acousticness,instrumentalness,liveness,valence,tempo,duration_ms,time_signature,year,release_date
3tTL7jlSkowXidYeafFtwG,Take the Power Back,Rage Against The Machine,4LaRYkT4oy47wEuQgkLBul,['Rage Against The Machine'],['2d0hyoQ5ynDBnkvAbJKORj'],3,1,True,0.542,0.8420000000000001,1,-7.1370000000000005,1,0.17300000000000001,0.043,0.000153,0.17300000000000001,0.301,104.772,335840,4.0,1992,1992-11-03
2nWM35FPxkYAWHHv9hrczL,Something About You,Do It for Love,4evw6IBex3N8x1oA2axMTH,['Daryl Hall & John Oates'],['77tT1kLj6mCWtFNqiOmP9H'],13,1,False,0.8,0.552,10,-6.2079999999999975,1,0.0244,0.158,0.0,0.16699999999999998,0.34700000000000003,98.022,242907,4.0,2018,2018-04-10
2z9z18lidxD3euusC3UaLx,Hollywood,New Life Faded,1xNWaXNMS8798hlEBxdVjL,['Death & Desire'],['3jfxxO6JNrzzhov82l1wX2'],1,1,False,0.402,0.141,6,-16.768,1,0.0693,0.655,0.00489,0.13,0.22899999999999998,125.742,68651,4.0,2011,2011-02-08
60qzjJREFQP6YT0HqalpCn,Joyful Girl (Peace and Love Mix),More Joy Less Shame,4ysiLjQwyLg4rw3aIv0flv,['Ani DiFranco'],['0AiTwNtYX8m4uhfU7rJ8RD'],2,1,False,0.755,0.275,8,-13.944,1,0.107,0.19,0.000269,0.0648,0.22,79.993,279800,4.0,1996,1996-11-01
5G2kKkkGXI9pmokERv9grF,Miss You,Westlife,22pfCAdDOgyC2JfSi5OwxT,['Westlife'],['5Z1CCuBsyhEHngq3U5IraY'],11,1,False,0.491,0.627,2,-6.2070000000000025,1,0.0255,0.436,1.25e-06,0.264,0.402,78.047,232893,4.0,1999,1999-04-25
1dyLYQpMo3VVKseZGUaYE2,I'm Not Sure,Johnny Winter: A Rock N' Roll Collection,6yn5Mylr8HsH9PVro7Fo22,['Johnny Winter'],['2ODUxmFxJSyvGiimNhMHbO'],6,2,False,0.3,0.63,3,-12.025,1,0.045,3.91e-05,0.00119,0.141,0.84,171.25099999999995,319135,4.0,1973,1973
4mOjvafN3FbHFmXH5QaXv5,Last Christmas,Last Christmas,3acMUF1baafzo6Zi61F1rS,['Lucy Dacus'],['07D1Bjaof0NFlU32KXiqUP'],1,1,False,0.484,0.912,1,-9.974,0,0.0657,1.77e-05,0.853,0.478,0.5479999999999999,159.97799999999995,161812,4.0,2019,2019-11-01
0GJCFB2dOgvQYD9evXdoL9,Magnificent Obsession,What Another Man Spills,7vZ64RCvITaHsTtWGcj3KC,['Lambchop'],['2Lhs0asnFQiLuntn3s8p78'],10,1,False,0.524,0.23600000000000002,0,-14.802999999999999,1,0.0296,0.8809999999999999,0.124,0.149,0.48100000000000004,144.031,200827,4.0,1998,1998-09-08
7LhCVUch8Q0ST7C6izBdZY,Nothing To Write Home About,Let Your Dim Light Shine,5BBz3KP2voAKW7ZJTenk9N,['Soul Asylum'],['02da1vDJ2hWqfK7aJL6SJm'],13,1,False,0.317,0.564,11,-8.353,0,0.0305,0.000325,0.0,0.136,0.425,162.22,194107,4.0,1995,1995-06-06
78U5lkKHxcEgi1yyruGPQm,Cut,Drowning By Proxy,7ao9SFaMgsAPNol7RnINa8,['Full Catastrophe Living'],['1YQWsUf74fWC9zHvFXIpmB'],8,1,False,0.297,0.687,9,-17.7,0,0.0749,0.0126,0.8640000000000001,0.154,0.153,138.33700000000002,262000,4.0,2009,2009-05-01
4n3mp3DC7JrdXYJCDdwKhd,Ana's Song (Open Fire) - Acoustic Re-Mix,The Best Of - Volume One,0ZDX7TUhxIn3S9PzO069hX,['Silverchair'],['4iudEcmuPlYNdbP3e1bdn1'],15,1,False,0.38799999999999996,0.434,4,-9.555,1,0.0253,0.349,0.000166,0.23199999999999998,0.191,78.445,229667,4.0,2000,2000-11-28
38ziKCMk9rinPgY5S584PD,Review My Kisses,Twisted Angel,1b1o9ptRtfjuIi22SjAwLB,['LeAnn Rimes'],['2d3VHzlOEwXvmBdS4pzOPL'],9,1,False,0.233,0.606,10,-6.22,0,0.0425,0.6859999999999999,0.0,0.106,0.209,173.09599999999998,331067,4.0,2002,2002-10-01
5OABuGyO07Xjsv3YybFHFI,Secret Lotus,Groove Tribe,4Arv2qXssKmDhOxKW9pUcO,['David & Steve Gordon'],['4yt002Vil1q4Vl9JOx48QG'],8,1,False,0.65,0.581,1,-11.370999999999999,1,0.039,0.0015199999999999999,0.7240000000000001,0.147,0.7509999999999999,91.001,428495,4.0,2011,2011-09-13
2S1YzIHFyLxLop7XCdYrTp,Man of the South,Stand Alone - EP,2F66LRNUc5LQRC9qEVhfeu,['Morgan Wallen'],['4oUHIQIBe0LHzYfvXNW4QM'],4,1,False,0.413,0.889,2,-3.924,1,0.0503,0.0047,0.0,0.348,0.602,177.97299999999996,213348,4.0,2015,2015-08-24
4W7VPVKoOM5IDZrrCxUuEa,Pas d'argent dans mon dos,Trop précieux,6GxUJzRzNvhCKWvxk1wW3T,['Les Wampas'],['2nsGWZA0LtO7istBNsyNTE'],9,1,False,0.6779999999999999,0.371,6,-11.674000000000001,1,0.155,0.88,0.0,0.0869,0.657,96.537,123000,4.0,1995,1995-10-23
3vtLpitfsyWTjMPX7bZ6mx,It Does Not Compute,Contact High,51AAegCNOMcxBs1CDkWRpK,"['Jadox, Mane Azeem']",['0waB2qz2C9n3Rnd1XIfLKo'],5,1,False,0.7140000000000001,0.825,1,-7.996,0,0.11699999999999999,0.20800000000000002,0.0051600000000000005,0.0877,0.7190000000000001,89.97200000000002,263013,4.0,2004,2004-01-01
5LtNBCM2ve0SxP0dlRVvMu,I'm Gonna Show You Crazy,I'm Gonna Show You Crazy,1jjRCEFt2eCfCNWHV7AtEk,['Bebe Rexha'],['64M6ah0SkkRsnPGtGiRAbb'],1,1,True,0.474,0.537,2,-6.77,1,0.0649,0.0758,0.0,0.316,0.335,90.103,207775,4.0,2014,2014-12-19
15JzhKg85eLfcGJso0Lw73,Llegando a Ti (with Marco Antonio Muñíz),RCA 100 Anos De Musica - Segunda Parte,35aHmdJOnRuoToRBmKLGGu,"['José Alfredo Jimenez', 'Marco Antonio Muñiz']","['2T06whb4s6UiufL1j5Qtz9', '4BLAYO57LtkaZ6odOdWmGc']",15,2,False,0.312,0.33399999999999996,0,-10.033,1,0.0301,0.139,0.0,0.0637,0.45899999999999996,140.789,156560,3.0,2002,2002-01-12
05RUMGtWRJTkb76WKImx26,Small Black Flowers That Grow In The Sky,Everything Must Go,2xAmCU4FBfYeqsTKqwd5Gn,['Manic Street Preachers'],['2uH0RyPcX7fnCcT90HFDQX'],6,1,False,0.718,0.161,0,-18.46,1,0.0334,0.8079999999999999,1.11e-06,0.09699999999999999,0.324,116.82799999999999,182533,4.0,1996,1996-05-20
2wmEryA2YLaFwFvA63n3O2,Don't Take The Girl,Not A Moment Too Soon,18eJ4H4smFp29lRMsLygUc,['Tim McGraw'],['6roFdX1y5BYSbp60OTJWMd'],8,1,False,0.439,0.45399999999999996,0,-8.669,1,0.0308,0.27899999999999997,0.0,0.12300000000000001,0.354,204.263,249360,4.0,1994,1994-03-22
0SMGlSgocRGb0tHnfrUz9p,Who's Afraid of Thomas Wolfe?,Useful Music,4r86aGhGL1jTJKMZ81Puof,['Josh Joplin Group'],['0cHOhL2s162yp5ERTNAZdf'],8,1,False,0.705,0.6409999999999999,0,-8.836,1,0.0421,0.237,0.0201,0.0945,0.325,104.085,240573,4.0,2001,2001-01-23
6bWd0ntPFTODHAss988VrX,"Violin Concerto No. 2 in D Minor, Op. 44: II. Recitative: Allegro moderato","Bruch: Complete Works for Violin & Orchestra, Vol. 1",50ISCnrnkLOtCVNFkY7kE3,"['Max Bruch', 'Antje Weithaas', 'NDR Radiophilharmonie', 'Hermann Bäumer']","['0521x50ZcNqqT1fKMJg5c5', '6ZDnLZicoCvV3R7Gj7SBxm', '6i9KFEJuHq78nMsQxeB1vR', '17LQj2UDvltRWjoDLljAYc']",2,1,False,0.151,0.0537,10,-24.025,1,0.0452,0.882,0.233,0.0917,0.0592,82.351,266800,3.0,2014,2014-07-01
0Kh8stXgK5MUHsOIKHn3tO,Wonderfully Strange,Heartbreakers,1jmmWX5H2E908iVImADcQn,['Eman'],['7e27B2sfuiccUwUHKP8tDA'],8,1,False,0.7390000000000001,0.67,10,-9.082,1,0.0247,0.0933,0.0,0.157,0.81,106.68700000000001,250760,4.0,2001,2001-03-20
6qMqPJQzMR1BtUyoeyngKq,Voyage,Booker Ervin Tribute (Jazz Organ Trio),57ogA3vzfXWj8tooSvp5Oi,['Mike Fageros'],['0wT1A1TySQ1c4efp7dsgk8'],7,1,False,0.489,0.366,5,-14.875,0,0.0423,0.9440000000000001,0.18600000000000005,0.179,0.677,100.825,300453,4.0,2011,2011-07-17
2gpFrnChzVTlRdmn20Y1TS,You'll Know I'm There,You'll Know I'm There,7KnqPccaUUEFzmKyGy5Mys,['Billy Kay'],['67SbuPj8qeuknk9uohF2Jj'],1,1,False,0.578,0.363,2,-8.357999999999999,1,0.027000000000000003,0.61,1.71e-06,0.0778,0.37799999999999995,83.984,182748,4.0,2017,2017-04-27
3koK9QT35yRYVI5NGNdyb7,Mi Proteccion (Live),PALO! Live,3qwp8sJnRhUm0gdYO0sWYq,['PALO!'],['0ta7d4nqI6QnJLJHIHaHdk'],4,1,False,0.7909999999999999,0.662,5,-6.327999999999999,1,0.0797,0.0605,0.00020800000000000001,0.625,0.8190000000000001,122.04799999999999,372000,4.0,2014,2014-02-16
7a9g7V1VKdRrfkhDk6CzWK,Story Man,Memory Hill - canceled,1430XCVQOH8rnltSNKmCsK,['Dave Gerard'],['0GUYIhpLYHay3HVaQ3b3U1'],8,1,False,0.5770000000000001,0.24,9,-12.850999999999999,1,0.0331,0.625,0.00663,0.111,0.243,93.37899999999999,390133,4.0,1996,1996-01-01
0c5k25kAyEWxQybSJdgvHi,Terror Death Camp,Well Done,1hNdA7lmK8KNVq99faGmbM,"['Action Bronson', 'Statik Selektah', 'Meyhem Lauren', 'Maffew Ragazino', 'AG Da Coroner']","['7BMccF0hQFBpP6417k1OtQ', '5v0XTlB9FqNvfBfnw8n5b0', '4lph4e07jjlKkioG1bQx95', '4fFpXK5A8VGcOcNJrygfeD', '736quRgvvGLe7eBO18oUzx']",12,1,True,0.462,0.897,10,-5.545,0,0.40399999999999997,0.392,0.0,0.0985,0.938,165.671,205039,4.0,2011,2011-11-22
1zAwYZKZdb6WJ2qLlHIF5A,"Chemical, Chemical",The New Romance,0eMdX2PZS5iMStFJuzbdgk,['Pretty Girls Make Graves'],['3okeQxv9lGt59TGlLikfzN'],6,1,False,0.594,0.966,4,-3.2510000000000003,0,0.0424,0.00149,0.5329999999999999,0.113,0.5329999999999999,142.21,159027,4.0,2003,2003-09-09
3D0abkU6GE3mFBk2GdYMGr,216 - Das Geheimnis im Jagdschloss - Teil 22,216/Das Geheimnis im Jagdschloss,4Q2dNebUPEFTWBlD4gxuKL,['TKKG'],['61qDotnjM0jnY5lkfOP7ve'],24,1,False,0.59,0.29100000000000004,8,-24.342,1,0.941,0.36200000000000004,0.0,0.14800000000000002,0.4920000000000001,82.02,98613,4.0,2020,2020-11-20
1JQStgNhFQ5DwficTgApWj,Royal Swells,Love in a Time of Distance,0prhmJx5hNdjkEUJ30QLL4,['[Indistinct Chatter]'],['6xAtM1uyXCgFTz0qT7bwxY'],2,1,False,0.402,0.368,7,-7.893,0,0.0277,0.7609999999999999,0.0223,0.11599999999999999,0.0674,86.83,243759,4.0,2020,2020-04-16
2Wgg8XEn4DBfbQy0tEIkPi,I've Been Down,High Notes,3ZSDGTmVKVyE6iyBWU2RuJ,"['Hank Williams, Jr.']",['2dyeCWctcFRt3Pha76ONgb'],7,1,False,0.721,0.473,2,-10.5,0,0.0308,0.32799999999999996,0.00021400000000000002,0.0591,0.34600000000000003,130.317,222867,4.0,1982,1982
0InoFSsOikNEvWslL7nxrZ,Lssr,Four Two Three,0FhujHtudKZUT9WvzSMRE8,"['$hoey', 'YGTUT', 'Chris P']","['5AcdyfWk19DsFqLUMUgtw2', '5rOkxO8Va1CnXhF7nrHMrU', '0IkE7L2sLehAeKClIEtM9R']",2,1,True,0.7190000000000001,0.5529999999999999,1,-8.217,1,0.42100000000000004,0.109,0.0,0.16,0.531,139.422,123481,4.0,2017,2017-12-23
1iZiUaEMTpcVF70yw6rk0V,A Shine on Your Head,Dummy Variations,47QjJgaSc8T6cbpBhdBo2p,['Joseph Nothing'],['4DsmYBH48QkgdG9oIDd9SR'],1,1,False,0.45299999999999996,0.696,0,-8.671,1,0.0404,0.0101,0.000722,0.321,0.376,139.953,239627,4.0,2001,2001-02-19
4X43WM8KgdefNGtCTPFjMo,Mes chums Pt II,Résilient,2euSclKidTWCQ2j62UcY8U,['Taktika'],['5ArmvYVqg6FfX5Wmo8lBG3'],13,1,False,0.6559999999999999,0.7609999999999999,5,-4.984,1,0.335,0.0741,0.0,0.0812,0.406,84.016,247853,4.0,2015,2015-05-19
5Z27tZEeC8WBiQvoDpx1Sw,I Need a Man to Love,Cheap Thrills,2rogKfOpmCFuqNhtGKf2dX,"['Big Brother & The Holding Company', 'Janis Joplin']","['4J69yWrKwWJgjv3DKTZcGo', '4NgfOZCL9Ml67xzM0xzIvC']",2,1,False,0.314,0.69,4,-10.870999999999999,0,0.0755,0.07400000000000001,1.76e-05,0.195,0.688,182.933,293040,4.0,1968,1968-08-12
1VacXJFqqid5d7ZAJFbk5I,Hallo Liedje,Adem,6YQnL0M6jruuuSuppGh1rb,['Acda en de Munnik'],['040Fqhc0l7a4MPeDx6cneh'],21,1,False,0.425,0.457,7,-7.273,1,0.0276,0.196,0.0,0.168,0.18600000000000005,79.809,290173,3.0,2005,2005-11-07
0EOagp7JzeSTyR8rLIMB2H,Are You Ready,Closer Than Close,2PcdeJnFJANGWG3SxFbe5C,['Rosie Gaines'],['1HRiWIhV7rgiL74L2AqZ5W'],2,1,False,0.777,0.315,5,-11.045,1,0.0559,0.0857,1.24e-06,0.0612,0.609,78.00399999999998,349240,4.0,1995,1995
56aKwU75MbpGnnn2q5JbqW,"Wind Quintet, Op. 26 (arr. H. Guittart): I. Schwungvoll",Schoenberg: Chamber Music,1L4rZ7SMFFnJOobG8YY102,"['Arnold Schoenberg', 'Henk Guittart', 'Jan Erik van Regteren Altena', 'Schoenberg Quartet']","['5U827e4jbYz6EjtN0fIDt9', '69ucfMxBxyH4p4cyE4xuXH', '53NQ9XlOwaSBY8RLP9RuDX', '3Q1P8oSPRPQDUeSSEIec0s']",12,4,False,0.16899999999999998,0.0823,5,-22.975,0,0.0468,0.978,0.862,0.36,0.0523,170.995,714800,3.0,2001,2001-08-01
1B2yUorahafP49VgraLf4q,Roll Down That Wave,Elk-Lake Serenade,3yMUPpcZT7BckFwul9zoNH,['Hayden'],['2EJpeCmBlwSNpb1GcTj1xp'],11,1,False,0.47700000000000004,0.124,0,-15.183,1,0.0344,0.8590000000000001,8.23e-06,0.131,0.22,119.89399999999999,97501,4.0,2004,2004-01-01
3yx8ZoQRZQUiIUpSS4xhMP,Beatriz,Ana E Jorge,3EVU0AnPTXK1scTVMrG8Sm,['Ana Carolina'],['4HP9KltldfmkH2M2pQozzN'],10,1,False,0.514,0.26,4,-10.51,1,0.11199999999999999,0.7929999999999999,0.0,0.8140000000000001,0.336,119.04299999999999,401027,5.0,2005,2005-11-17
6bJJo4hjFNV91mwUL29lgU,Sara,"Linn Super Audio Collection, Vol. 5",6LiHXVdAwDpVAq2AqF7RBR,"['Bob Dylan', 'Barb Jungr']","['74ASZWbe4lXaubB36ztrGX', '0pKCBLG3eavJSrSoiNMqNN']",1,1,False,0.434,0.0356,4,-24.064,0,0.0442,0.9079999999999999,0.0031,0.12300000000000001,0.25,138.904,305987,3.0,2011,2011-08-08
0iLpqlTOqgbAXr5Y8KBEXF,With Every Breath I Take,"Linn Super Audio Collection, Vol. 5",6LiHXVdAwDpVAq2AqF7RBR,"['Cy Coleman', 'David Joel Zippel', 'Claire Martin', 'Richard Rodney Bennett']","['0RRSSYRHmBxQXRGj2KBO8L', '0WW9OijFN1I63ybumO4aeW', '7iIgJB2PSutn6IYzwdTomh', '0x18ovS0dAzgGlZOWuc52W']",5,1,False,0.37799999999999995,0.0918,0,-16.371,0,0.0355,0.951,8.21e-06,0.076,0.23199999999999998,163.89,171800,4.0,2011,2011-08-08
3HbdHDF1qUthnU7kWpyCuB,Die blaue Mazur: Act III: Waltz Scene,"Lehar, F.: Blaue Mazur (Die) [Operetta] (Beerman)",0HXeKNZL3VNku4YO87kuok,"['Franz Lehár', 'Johanna Stojkovic', 'Julia Bauer', 'Johann Weigel', 'Jan Kobow', 'Hans Christoph Begemann', 'Michael Hoffmann', 'Andreas David', 'Rudolf Tiersch', 'Frankfurt Singakademie', 'Frankfurt Brandenburg State Orchestra', 'Frank Beermann']","['3O3SOoPYtUSjajTdIag0nT', '2W1yXTHrh5JvWfnq9OsBQG', '6x9IPqXM9mUFNEumitYeUV', '6BhlW54D28dDiUd5B2bGU5', '0Yn468tSIsDATfHXkFmUoC', '6wsXsZfBvaIBCELLb2mmi4', '7mA8pwVp449E9LxprPBmD4', '0K9erGQWUk8zG7wKf83dNn', '6Hunbtx6eE5wgu6lIHnna9', '2NCvmZ9utNLROttuh9ytiT', '3fFgE3hES4qwH5qMoQM3ge', '5HBd5KMnAyxKrL3yUB5z9J']",8,2,False,0.28800000000000003,0.45299999999999996,4,-12.344000000000001,0,0.0324,0.8640000000000001,0.917,0.9259999999999999,0.315,101.57600000000001,117173,1.0,2008,2008-01-01
76osNw0QwjnmNytVbTBH9B,Save Our Souls,Save Our Souls,3nuPE5zmxMwr6bnASW7ot1,['Sulu Babylon'],['0XvnmEJLOvBHhUvbETV2gj'],1,1,False,0.475,0.9309999999999999,1,-4.574,0,0.0719,0.000811,5.2300000000000004e-05,0.135,0.466,144.961,242948,4.0,2012,2012-12-12
0PyAHzcO4k8vIye7yMJAeh,"Symphonic Dances from West Side Story: No. 4, Mambo (Meno presto) -",Leonard Bernstein: A Tribute,1eJRtW0lV5LPqT3mZVRilJ,"['Leonard Bernstein', 'New York Philharmonic']","['2LmyJyCF5V1eQyvHgJNbTn', '3gacryguGmpmCvgPGt2CBI']",7,1,False,0.35100000000000003,0.85,4,-10.769,0,0.0531,0.7040000000000001,0.9009999999999999,0.836,0.085,136.477,131827,4.0,1990,1990-12-14
0vim3rNIADtAROiZW7C72k,Follia Nelia Strada,"Gothic Dramas: Original Ennio Morricone Scores For The Italian Tv Series ""Drammi Gotici""",3JFTUzonM2tLEFDL64o2iI,['Ennio Morricone'],['1nIUhcKHnK6iyumRyoV68C'],3,1,False,0.107,0.263,5,-19.293,0,0.0375,0.0996,0.6779999999999999,0.29100000000000004,0.0357,90.52600000000001,478400,4.0,1996,1996-04-23
0yrDRUXQthsEJ00sbzAVVv,"That Ain't Love - Live at Kiel Auditorium, St. Louis, MO - January 1987",The Second Decade Of Rock And Roll 1981 To 1991,6ODlXP8EhZVo0JfAb5K9bW,['REO Speedwagon'],['55vs7NT1KxcFjbMC4y202E'],9,1,False,0.34700000000000003,0.965,11,-7.8420000000000005,0,0.179,0.0104,0.0,0.981,0.366,134.58,258560,4.0,1991,1991
0xanU3hJ29JpHew5hrlkEn,Games People Play,I'm One Of You,2Urkehp43dT5oSuea5yBrb,"['Hank Williams, Jr.']",['2dyeCWctcFRt3Pha76ONgb'],6,1,False,0.39799999999999996,0.833,7,-5.545,1,0.10099999999999999,0.0653,3.5799999999999996e-05,0.126,0.631,175.766,236173,4.0,2003,2003-11-18
1ijncFLdL6h2DixERmTx1x,Swallow Song,Just Another Diamond Day,6BjFznpsyrxCFMpp3hzlD2,['Vashti Bunyan'],['4chuPfKtATDZvbRLExsTp2'],6,1,False,0.166,0.107,0,-18.609,1,0.0396,0.976,0.0241,0.18100000000000002,0.49,179.743,136453,3.0,1970,1970
6ebuq0jAlq6h1FQ2rPAacD,Loud Neighbor,Volumizer,4HoYWLCt6ZqEPegquAd58b,"[""2 Skinnee J's""]",['7oJJKtFQ0YX7nWHF8EnhDi'],11,1,False,0.6609999999999999,0.782,10,-4.939,0,0.128,0.0457,0.0,0.0836,0.746,91.992,234373,4.0,2000,2000
5gEhete3dUFPQCMuSR8Jtq,Innocence Sleeping,A Distant Bell,4Dij4LURCfYAw9Wdj220f9,['Caroline Lavelle'],['4tmvH1mdQEmU8RbbVAXcGL'],3,1,False,0.191,0.08199999999999999,6,-18.736,0,0.0388,0.8590000000000001,0.0724,0.1,0.152,148.711,193000,3.0,2004,2004-01-01
76l4dCzaWVWNjh59B8WWox,Icosikaipent,Winter in the Belly of a Snake,4YWe6dwRHA5yBnFkI3fRJk,['Venetian Snares'],['7eKIP3IoPoUAZgZuvMM6hf'],15,1,False,0.41,0.473,3,-16.73,1,0.363,0.569,0.0354,0.32,0.0353,110.061,521573,4.0,2003,2003-01-27
28b5JzeUM5TL0pmfClib94,hospital no. 32,Easy Pieces,4fHpthFHzrX3Mq4DQFTtGa,['Lateduster'],['2LlR7GoseYbrwpkAiML6d7'],7,1,False,0.257,0.67,0,-8.6,1,0.0315,0.319,0.838,0.0959,0.31,79.91199999999998,302253,3.0,2004,2004-01-01
4xivgwXVl3qCCWaKs6rGgR,Colnkft,Salmataxia,2lbcn9z3a2SlLBi98QuSTj,['Syndrone'],['4mXZj2vzDAEWLMYsdaFNxH'],10,1,False,0.428,0.9229999999999999,1,-8.046,1,0.34700000000000003,0.0323,0.8959999999999999,0.11,0.0376,78.119,440027,4.0,2004,2004-04-10
0EPVdtuad5NLRqUCD9fCOU,She Never Lets It Go To Her Heart,Greatest Hits,6JqV9up4l7XJa766XQbpXz,['Tim McGraw'],['6roFdX1y5BYSbp60OTJWMd'],3,1,False,0.67,0.7659999999999999,9,-6.755,1,0.0252,0.0586,0.0,0.0914,0.804,111.02799999999999,186267,4.0,2000,2000-11-21
103NIOjApz302KrrITpFiL,Winter Wonderland,Forever on Christmas Eve,2KrOaa7nRR3kl6cpFszs51,['Jenn Grant'],['4ll7UpFe9fDtA0g16Vgf5L'],8,1,False,0.611,0.23600000000000002,2,-9.664,1,0.0311,0.775,1.25e-05,0.12,0.19699999999999998,98.27799999999999,196875,4.0,2020,2020-11-27
2wadG1GVrUkP7CMd3IqANT,Dog,Fat,112GHzuzVrSIpoI1xy7kjt,['Fat'],['1ohGYZzONxBwgDL1jcQv5J'],1,1,False,0.604,0.94,11,-4.4319999999999995,1,0.0728,0.0028,0.0823,0.111,0.774,105.044,188133,4.0,1997,1997-07-15
3RsyOtUwQiX5s3KLGbTKT1,So Fresh (feat. Biz Markie & Slick Rick),Willennium,38ZO2nTo4L4PNtubKwtiAk,"['Will Smith', 'Biz Markie', 'Slick Rick']","['41qil2VaGbD194gaEcmmyx', '22282KfMxDo2PMjnBc82I4', '1W9qOBYRTfP7HcizWN43G1']",8,1,False,0.78,0.865,6,-4.811,1,0.28,0.267,0.0,0.348,0.84,93.99700000000001,255880,4.0,1999,1999-11-16
12YMKiDhe4oWheKjlVOmgB,Kepter,Lipswitch,6oYX9Cqeod5b8xk9YDduDh,['Richard Devine'],['4GELr4GU5inBcvzDntZhvv'],5,1,False,0.7859999999999999,0.94,11,-10.602,0,0.0961,0.0133,0.919,0.405,0.963,148.004,375773,4.0,2000,2000-07-13
2GjDfMnynXoD13k4IRUwP4,Asteroid No. 41,Voyage of the Homeless Spies,1OKz6mKMcEskzBmdDLRNlO,['DoppelgängeR'],['00C8IIHnmASr9ATIfj0vAx'],10,1,False,0.61,0.85,4,-1.489,0,0.0395,0.0746,0.0205,0.11,0.275,130.143,183760,4.0,2010,2010-09-15
3jmbIhguc5uxiOdZ7ak8H3,Corner of the Earth,A funk odyssey,6cLYs4e403jQk6PJ8PG9rs,['Jamiroquai'],['6J7biCazzYhU3gM9j1wfid'],4,1,False,0.473,0.552,2,-6.621,1,0.0302,0.252,9.120000000000001e-05,0.28800000000000003,0.276,79.486,338960,4.0,2001,2001-09-11
6ctxhmlUC2eLGCj89QzSqh,Aphasia,Dilate,0486pSVN7ElNqK7YyWrcj9,['Bardo Pond'],['2ZHNwvYaMbD8zuObAXVHEr'],4,1,False,0.16699999999999998,0.664,7,-12.905,1,0.0509,0.263,0.8759999999999999,0.395,0.23600000000000002,129.47299999999998,362200,3.0,2001,2001-04-24
71nTxcMe1XFRmzWxRYHEeJ,Step,Baby23,24BUwYiW8uDG5tBV428gBY,['JayDaYoungan'],['0E3pLs4jXz9tDQGY8m1A1d'],4,1,True,0.794,0.48,4,-7.501,0,0.132,0.0493,0.0,0.12,0.45,77.045,145735,4.0,2020,2020-06-05
4K6kT3x9D90xKD4UQPADAn,Maybe Tomorrow,Charmed,0SAoKUgaaxCU2NF7xqlCV9,['Stereophonics'],['21UJ7PRWb3Etgsu99f8yo8'],4,1,False,0.495,0.695,7,-5.556,0,0.0364,0.133,3.26e-05,0.42100000000000004,0.5870000000000001,80.81,273093,4.0,2003,2003-09-22
6DpyfmTh4EphMCsD8Kw3We,You Are Everything,American Idol Season 3: Greatest Soul Classics,3NovFl5uXa40jaoLY3z3Db,['John Stevens'],['4EW7CE2HetO7GkDEOYDrXF'],12,1,False,0.7020000000000001,0.376,3,-7.8420000000000005,0,0.0406,0.336,6.69e-06,0.0729,0.446,142.019,159027,4.0,2004,2004-04-27
4A6W0yuGgrGGeVYRwCHdS6,Blender,Totgesagte Leben Länger,4M6B4F9SWZpqkuGbxgGD25,['Megaherz'],['4tM8qmqg5cEZPHNLNQwHeb'],3,1,False,0.608,0.9329999999999999,1,-4.901,1,0.0507,0.00547,4.77e-06,0.0504,0.4320000000000001,105.054,260813,4.0,2009,2009-03-13
2ob3yehdNQzN5gfzdW35oW,Fun House,The City,4qyIzemkQ1iW4KhfsrUa7k,['DJ Roc'],['4yezvNBtagNhqxb9WEPQeH'],11,1,False,0.897,0.642,10,-6.121,0,0.0501,8.92e-05,0.6829999999999999,0.0789,0.7879999999999999,128.07,211895,4.0,2013,2013-02-20
4IIkC2Ozna0GArN7whGupF,Ultima Thule,Helt Borte,7EzqjCZl8OG0RTgsx8J9UR,['Pechenga'],['6nWc8FJj9Aw28TX1p2WxSa'],8,1,False,0.06,0.0123,0,-21.84,1,0.0435,0.35,0.943,0.0954,0.0391,66.42,230040,4.0,2011,2011-05-09
35oBAjIjtTwizHw6UYo31m,Maqam Bayyati,Taqasim: The Art of Improvisation in Arabic Music,27wsda7v84WVk8dxfSNT2s,"['Ali Jihad Racy', 'Simon Shaheen']","['3XNjqJKnHq6XYlQhn37aEz', '50kHo3Q3Rn1v441ISI00Rh']",3,1,False,0.484,0.226,6,-16.41,0,0.099,0.875,0.9179999999999999,0.08800000000000001,0.381,96.131,535160,4.0,1977,1977
6ZmlDKz9xAxXugrsLcGFNi,A Wreath Of Rain,The Constant Flame,7qnz7oV8TlEcP9nj4rPY4D,['Alex Cline Ensemble'],['1gIzRzH9NwYmPOisbjtcFl'],4,1,False,0.23,0.161,4,-17.422,0,0.0369,0.7659999999999999,0.22,0.0886,0.0399,135.298,729480,4.0,2001,2001
2KHBCQAE2Pp3jJdTP989Vp,"5 Pieces pour clavecin seul, extraites de Pieces de clavecin en concerts: L' Agacante","Rameau: Harpsichord Music, Vol. 2",52j2G4e6LeRQ688nIOjHNf,"['Jean-Philippe Rameau', 'Gilbert Rowland']","['4JSWO1Pf2zV991fq64uAce', '3iLAiLVIJKBkTOQbiDfO2x']",17,1,False,0.365,0.32299999999999995,6,-16.508,1,0.0317,0.596,0.57,0.083,0.8240000000000001,109.53200000000001,157333,3.0,1994,1994-11-03
70vFzuMTRdAMBnMP9USRUZ,If Loving You Was Easy,Infinite Things (Deluxe Version),3g2kKcxwX4I7ttohCuZkkF,['Paloma Faith'],['4fwuXg6XQHfdlOdmw36OHa'],9,1,True,0.314,0.387,9,-5.345,0,0.0316,0.6890000000000001,0.0,0.11,0.245,79.818,224867,4.0,2020,2020-11-27
2ez4qCQq1tdkr6seB59CHV,Creeper,Surf! Surf! Surf!,1xrjIAra3hWS6SLAYO28XT,['Aqualads'],['0KyrBpepYmsUimnZPsqnN6'],15,1,False,0.3,0.368,4,-11.133,0,0.0362,0.605,0.507,0.10400000000000001,0.0615,151.576,230107,4.0,2004,2004-01-01
7LS50zI4DeRzwOsnHK4ANO,Psychosexual,Cure For Sanity,6yuGZO9460TzKMMZ7qQZez,['Pop Will Eat Itself'],['5rIXueJu7zVE2gDZjUM6g8'],9,1,False,0.762,0.664,9,-19.134,0,0.0594,0.0825,0.0123,0.0746,0.961,120.01,136093,4.0,1990,1990-10-30
5gklqydYeqH4XB3xIC8YE5,Pachelbel's Canon,Music for Massage,1yjj4Y2MlocLUBbLM61T4v,['Steven Halpern'],['2J3qGaj5UzHvu0fjlLgb8k'],2,1,False,0.11699999999999999,0.192,0,-18.12,1,0.0322,0.9570000000000001,0.973,0.0709,0.0361,172.403,401720,4.0,2009,2009-04-04
4PergxapB0gdNfRmiFxM7D,Microscopic View of a Telescopic Realm,Microscopic View of a Telescopic Realm,4KVb6yoPpyRw1hjDapAlMr,['Tourniquet'],['3lHPBMb024SqetFwwVwuwH'],3,1,False,0.336,0.966,9,-3.813,1,0.0883,0.000207,0.0025399999999999997,0.243,0.326,102.67200000000001,373667,4.0,2000,2000-01-01
5jemkJFS4uClnfmLDjixrF,Hometown Girl,Hometown Girl,0DVTHjL5KC4jPDwLSqNwff,['Mary Chapin Carpenter'],['0qAmeOULjwn04k6jMMeDyr'],3,1,False,0.37,0.121,7,-18.449,1,0.0326,0.8740000000000001,0.00143,0.273,0.263,175.709,288733,4.0,1987,1987
59QwDxFDbKMWguJwECHhhT,The Alien Song,Generations 1: A Punk Look At Human Rights,6mls7566fEsdTMp0Somgyn,['Red Aunts w/Exene Cervernkova'],['4hNu4xZZx5qjI5sbfDYwHQ'],2,1,False,0.235,0.9259999999999999,4,-5.03,1,0.132,0.0991,6.929999999999999e-05,0.684,0.406,200.018,167080,4.0,1996,1996
7thMV38thojfFJY8fCE52C,R and R,Charles Mingus and the Newport Rebels,1q9pjcAkROwZmKfEDHVTh0,"['Charles Mingus', 'Eric Dolphy', 'Roy Eldridge']","['1W8TbFzNS15VwsempfY12H', '6rxxu32JCGDpKKMPHxnSJp', '4RvXA7BDgqNgGDjsSSJnPc']",6,1,False,0.505,0.153,5,-19.723,1,0.0627,0.8170000000000001,0.0902,0.11599999999999999,0.452,145.614,711667,4.0,1960,1960
1QjmxwdvxgviVUEagqGhoj,Someone to Watch Over Me - Live,Piano Starts Here,1FCIddh80qKhpueDBsLNfr,['Art Tatum'],['3DtSOCXYU6o4EV0K1NgIKq'],7,1,False,0.451,0.231,0,-16.944000000000006,1,0.0391,0.9940000000000001,0.9279999999999999,0.193,0.42200000000000004,89.708,206307,4.0,1933,1933
5g5dQnjKojf17M4KVCl82L,Dear Future Self,Admissions,7xiRSU6wcl7qehl0kXpmZy,"[""Any O'Neill"", 'Cee Cee']","['6YqqIjZv6OerO3XozPxfO3', '6gkaFQdFFbofaSqRuttHdH']",3,1,False,0.617,0.485,0,-4.975,1,0.0313,0.573,0.0,0.0528,0.586,139.988,217500,4.0,2014,2014-11-29
162MxecfWmstm59Udyya4S,Meet Me in the Street,Need to Feel Your Love,4TDs45eAaIN56dI2FgZObB,['Sheer Mag'],['58ehndX799ZV9Jcv6IefJ1'],1,1,False,0.586,0.905,2,-4.7989999999999995,1,0.0896,0.0184,0.895,0.613,0.7240000000000001,154.13,191814,4.0,2017,2017-07-14
7MNrYzplNzvZSTcEpOyHvr,Morning Beacon,Of The Apple,4lI7Adn1OxlT4Oxh5NiD16,['Milieu'],['1wI0J2ZhJdaZOPBbt3LnWF'],1,1,False,0.0596,0.12,6,-24.076999999999998,1,0.0431,0.7120000000000001,0.813,0.7509999999999999,0.0291,62.633,274360,5.0,2007,2007-01-01
68aIr8XLuNj1fSv9mRpo5Z,"String Quartet No. 6 in B-Flat Major, Op. 18/6: III. Scherzo. Allegro",Juilliard String Quartet - The Beethoven Quartets 1964 - 1970 (Remastered),5qPG7SvlNHeLrcX1u436N0,"['Ludwig van Beethoven', 'Juilliard String Quartet']","['2wOqMjp9TyABvtHdOSOTUS', '10viy7E6l3QXaWVz1PuGGP']",7,3,False,0.557,0.29100000000000004,10,-16.572,1,0.136,0.929,0.695,0.0949,0.938,183.697,186880,3.0,1971,1971
0nc0AtFJOd6PrjribShI9t,Changing Of The Guards,Cold War Classic,1FKbvTchcFmOUGfWid2CdE,['The Chrysler'],['1dQ8GuCTA6yhKmqiXsCiaz'],15,1,False,0.292,0.42200000000000004,2,-6.58,0,0.0305,0.773,0.0,0.142,0.177,141.416,338547,5.0,2007,2007-04-17
2LKpNN5AjwoJzEdUcw8FnI,This Is a Song,Shanti Project Collection 2,7CAuZdJ6sKPX4UUe6tHfCN,['Paula Frazer'],['72ZTVVsOrHbZps2XgHuvGa'],5,1,False,0.521,0.759,7,-6.172999999999999,1,0.049,0.17600000000000002,0.0,0.0701,0.787,120.757,178587,4.0,2000,2000
4Hk2Kn7nuPCbUQIM9Ow69u,Makin' Me Feel,Dr. Dolittle 2,6U0L2vVLrvLdSO9Gnet8iT,['Angie Stone'],['2hWr3AjjKOCVmWcwvuT4uM'],10,1,False,0.609,0.828,11,-7.1979999999999995,0,0.0614,0.0501,9.86e-05,0.0343,0.639,179.446,246133,4.0,2001,2001-06-15
1jzFWBNt3AdqrMuC5Y7Cq4,Prey for Your Death,"Fear, Prey, Demise",696gJjtoueAnwN1x5Jp5ZK,['Hidden Intent'],['6k4QusZRtp1eIvIZLbUTSh'],1,1,False,0.233,0.995,10,-3.9610000000000003,1,0.213,1.0300000000000001e-05,0.000739,0.0979,0.0653,105.094,243427,4.0,2018,2018-07-06
1tlFJ7WQ5FeIXhRa2Mt87x,Could Have Been Christmas,World Tour and Other Destinations,5XaXGxojrSKsR7t8Xr7j5Z,['Tsunami'],['4nYZwJrT4QukNO5FqaDcW3'],10,1,False,0.301,0.24,2,-16.766,1,0.0315,0.809,0.008,0.139,0.122,101.289,269307,3.0,1995,1995
48pZobDNHbYw5qpOfoBTcR,Carbondate,Early Man,0tj8McNhSBCvaqkkNcYKNM,['Steve Roach'],['00gh6kmKYOu8xyorRxQm6a'],8,2,False,0.079,0.23199999999999998,5,-32.7,1,0.0511,0.467,0.868,0.12,0.0534,82.609,476000,1.0,2001,2001-04-06
4IntMxHGGD0aEbM1Jo5CkU,Moment Of Remembering,Unmarked Pavement,3TdrKbIuBc2ttaAjReJdPn,['Transzenders'],['5YwgnGhzZNKSmz7YNlAG6k'],10,1,False,0.39,0.24100000000000002,5,-11.097000000000001,1,0.0284,0.9359999999999999,0.0,0.0794,0.261,147.798,237307,4.0,2007,2007-09-24
6a7kfpdlpgyYlKPObw9TSs,Anything,Best Of SWV,2QHtc53nHnTTQip9d3VmoP,['SWV'],['2NmK5FyrQ18HOPXq1UBzqa'],1,1,False,0.47100000000000003,0.489,5,-13.514000000000001,1,0.0356,0.125,0.0,0.344,0.38,171.835,168533,4.0,2001,2001-11-06
4TAcTZN29eqdXLGFtjbUdY,Ich will deine Sehnsucht,Weil ich verliebt bin,7gizVRTqPB1XhUr0mySQBq,['Andrea Berg'],['5dXbkgq9goxRAwCFoNU9Dp'],6,1,False,0.8320000000000001,0.823,0,-6.801,1,0.0508,0.147,0.0011099999999999999,0.0399,0.818,130.036,208533,4.0,1999,1999-10-18
5roTJV0gWCQUTWfYNnaGQH,Pent up House,Bailalo,5QftjoYUVwiCv18y4pJyzl,['Junito y Secreto a Voces'],['58xzVb6ONaTYn3XgPAGY8B'],4,1,False,0.742,0.795,2,-7.626,1,0.0365,0.195,0.863,0.0583,0.9179999999999999,107.26100000000001,321707,4.0,2005,2005-01-01
5xHlEx6CUBQDh5KrQKY0y1,Indespærret Brevdue,Gösta Hammerfedt,1scf4yD0NOPSj9PHp1oJcT,['Gnags'],['460C51GopZ9kmWvz3Z0649'],2,1,False,0.579,0.626,5,-8.674,1,0.0245,0.00318,0.000286,0.0593,0.6829999999999999,80.987,277773,4.0,1996,1996-02-22
4Zocz3qFLBWdrSC899sEqa,You And Your Commie Friends - Remix By Unwoman,Fish In A Bag: The Dubiously Essential See Colin Slash,1R5GBLafnA7oj9mYMQrRHf,['See Colin Slash'],['3iEXAImWJbIFZHf3zfFoBE'],18,1,False,0.455,0.9890000000000001,1,-7.226,1,0.0457,0.00223,0.838,0.0681,0.9590000000000001,150.004,236480,4.0,2008,2008-01-29
5kg0z6xWf6NLOwzQYRnCfb,Percussion Concerto: I. Con forza,Schwantner: Percussion Concerto - Morning's Embrace - Chasing Light…,6eivwGEFvfQVmp9Eig2Nhx,"['Joseph Schwantner', 'Christopher Lamb', 'Nashville Symphony Orchestra', 'Giancarlo Guerrero']","['3Y46IlqnuYQKsla21taBPR', '7BZzMNbZC8DQqjTKfKk6FO', '5CmNgBR5IxvpiU5tQxc448', '2p1ajptgFozpil91yrYncQ']",1,1,False,0.335,0.29,1,-22.971,1,0.039,0.93,0.894,0.109,0.35100000000000003,126.935,336720,3.0,2011,2011-06-07
2hBg6nrwGzhg5clNmgQp9U,The Cathedral Of Books,From Dusk To Dawn,1joQcU7ZH0lNSH71IhZFyq,['Pillow'],['3zkWQwDuWaGendMUpjnRq7'],7,1,False,0.267,0.34700000000000003,8,-12.309000000000001,0,0.0331,0.626,0.903,0.0942,0.0851,135.39600000000002,240680,3.0,2012,2012-06-22
