candidate_index,name,artists,album,year,latent_similarity,feature_similarity,artist_similarity,final_score,profile_summary
5122,Hey You,['Shakira'],"Oral Fixation, Vol. 2 (Expanded Edition)",2005,0.99828595,0.8401586,0.1,0.8768319,Ilk 25 sarki profili: Estoy Aquí | Antologia | Un Poco de Amor | Donde Estas Corazon | Que Me Quedes Tu
3721,Filter Factory,['Dee'],Dee,2006,0.993489,0.89871585,0.0,0.8751855,Ilk 25 sarki profili: Estoy Aquí | Antologia | Un Poco de Amor | Donde Estas Corazon | Que Me Quedes Tu
4055,The Girl With The Biggest Hair,['Red Meat'],Rollergirls: Music From The A&E TV Soundtrack,2006,0.99799067,0.8754827,0.0,0.87369,Ilk 25 sarki profili: Estoy Aquí | Antologia | Un Poco de Amor | Donde Estas Corazon | Que Me Quedes Tu
3727,This Sucks,['Dee'],Dee,2006,0.99829173,0.87403196,0.0,0.8736106,Ilk 25 sarki profili: Estoy Aquí | Antologia | Un Poco de Amor | Donde Estas Corazon | Que Me Quedes Tu
6127,Llorar Lloviendo,['Toby Love'],Love Is Back,2008,0.9963529,0.869677,0.0,0.8713824,Ilk 25 sarki profili: Estoy Aquí | Antologia | Un Poco de Amor | Donde Estas Corazon | Que Me Quedes Tu
1843,I need a house,['Marie Serneholt'],Enjoy The Ride,2006,0.99555135,0.867741,0.0,0.87043417,Ilk 25 sarki profili: Estoy Aquí | Antologia | Un Poco de Amor | Donde Estas Corazon | Que Me Quedes Tu
4029,I Packed Up All My Bags,['Scorpion Jack'],"No Thanks, Yes Please!",2011,0.9953337,0.86713445,0.0,0.87016046,Ilk 25 sarki profili: Estoy Aquí | Antologia | Un Poco de Amor | Donde Estas Corazon | Que Me Quedes Tu
6938,When My Baby's Beside Me,['Kelly Willis'],Big Star Small World (Tribute to Big Star),2006,0.99855787,0.8556856,0.0,0.8701277,Ilk 25 sarki profili: Estoy Aquí | Antologia | Un Poco de Amor | Donde Estas Corazon | Que Me Quedes Tu
2432,Good Day Sir,['Dave Moisan'],Ungravity,2011,0.99656177,0.8553054,0.0,0.8686543,Ilk 25 sarki profili: Estoy Aquí | Antologia | Un Poco de Amor | Donde Estas Corazon | Que Me Quedes Tu
3589,Soldier Blues,['The Kilborn Alley Blues Band'],Put It In the Alley,2008,0.9976565,0.8495323,0.0,0.868266,Ilk 25 sarki profili: Estoy Aquí | Antologia | Un Poco de Amor | Donde Estas Corazon | Que Me Quedes Tu
